id,first_name,last_name,car_make
1,Megan,McLauchlin,MINI
2,Sherye,Philimore,Toyota
3,Audra,Fallow,Hyundai
4,Law,Espinet,Kia
5,Leonie,Iorns,Pontiac
6,August,Nourse,Land Rover
7,Moises,Wattingham,Dodge
8,Herman,Dionisetto,Audi
9,Celka,Goodluck,Nissan
10,Lothario,Baskerville,Cadillac
11,Gaynor,Skehens,Bentley
12,Julienne,Wind,Mazda
13,Krystyna,Waldram,Chevrolet
14,Alejoa,Road,Chevrolet
15,Marven,Vasyutkin,Volkswagen
16,Jany,Snazle,Hyundai
17,Petrina,Treleven,Dodge
18,Ernesta,Baysting,Ford
19,Clarisse,Courtes,Honda
20,Sharline,Tomik,GMC
21,Carmela,Slafford,Ford
22,Adrianne,Heathcott,Honda
23,Matthieu,Sabates,Lexus
24,Sancho,Lenham,Pontiac
25,Bealle,Bickell,Buick
26,Royce,Tabart,Mazda
27,Jemima,De Zamudio,GMC
28,Nani,Atchly,Pontiac
29,Zedekiah,Reye,Lexus
30,Tonie,Mustchin,Toyota
31,Michelina,Lohden,Kia
32,Stillman,Jacobson,GMC
33,Matilde,Peasnone,Mercury
34,Marisa,Murrie,BMW
35,Cloris,Laxton,Saab
36,Ella,Cantwell,Infiniti
37,Melisandra,Strettell,Oldsmobile
38,Elysia,Beazleigh,Audi
39,Valentino,de Villier,Honda
40,Brietta,Yarnold,Ford
41,Kinna,Lalevee,Audi
42,Bella,Heinert,Dodge
43,Malia,Hanse,Dodge
44,Merridie,Otridge,Aston Martin
45,Kimmy,Pyke,Audi
46,Rosemaria,Pymar,GMC
47,Ammamaria,Tidbold,Mitsubishi
48,Kipper,Serraillier,Toyota
49,Tammi,Purton,Dodge
50,Maurizio,Fullager,Ford
51,Lowe,Tschierse,Ford
52,Giraud,Mum,Kia
53,Chrissie,Petran,Volvo
54,Jonas,Johansson,Dodge
55,Ephraim,Sorey,Rolls-Royce
56,Ezekiel,Petrushanko,Subaru
57,Grier,Whitbread,GMC
58,Raymond,Waind,Audi
59,Delcine,Winsome,Audi
60,Babette,Hansberry,GMC
61,Jonathan,Antognozzii,Pontiac
62,Rivy,Van den Broek,Toyota
63,Taffy,Shimmin,Mercury
64,Rufe,Musgrove,Dodge
65,Brantley,Stiger,Pontiac
66,Dwayne,Follan,Mitsubishi
67,Rochella,Dearle,Honda
68,Blayne,Garfath,Porsche
69,Crosby,Klesel,Jeep
70,Kristos,Kibble,Mitsubishi
71,Silvie,Ingilson,Mitsubishi
72,Marius,Bootyman,Volkswagen
73,Dana,Billows,Chevrolet
74,Nataniel,Langhorn,Infiniti
75,Cindy,Tattam,Ford
76,Liane,Wabersinke,Cadillac
77,Portie,Genever,Chevrolet
78,Ardenia,Pearsall,Lexus
79,Zarah,Tilbury,Suzuki
80,Yehudit,Membry,Cadillac
81,Arin,Kehri,Oldsmobile
82,Noach,Brobyn,Hyundai
83,James,Kemp,Lotus
84,Emelda,Coldrick,Ford
85,Alexina,Dumpleton,Nissan
86,Ava,Crowley,Toyota
87,Trip,Rembaud,Dodge
88,Truman,Syde,Acura
89,Felix,Emery,Oldsmobile
90,Alexandro,Duffell,GMC
91,Lizabeth,Burr,Dodge
92,Winnah,Burtonwood,Buick
93,Allyn,Flahive,Toyota
94,Octavius,Toolan,BMW
95,Hakim,Deas,Porsche
96,Graham,Higginbottam,Toyota
97,Brigitta,Davidavidovics,Volkswagen
98,Patrica,Kmiec,Cadillac
99,Carolynn,Gullyes,Pontiac
100,Emilia,Harkins,Dodge
101,Seymour,Sandcroft,Dodge
102,Maia,Huet,Nissan
103,Jo,Scown,Ford
104,Katha,Celloni,Chrysler
105,Marcella,Wipfler,Aston Martin
106,Robinett,Bottrill,Lamborghini
107,Nanine,Bladen,Pontiac
108,Mirabelle,Alexsandrev,Eagle
109,Nollie,Coad,Cadillac
110,Chris,Arghent,Dodge
111,Vance,Lewinton,Dodge
112,Kaiser,Luckett,Dodge
113,Rockie,Lahiff,Aston Martin
114,Leo,Putland,Pontiac
115,Zelma,Allsep,Toyota
116,Ira,Splevings,Honda
117,Tammie,Gagin,Lexus
118,Evelin,Oldroyde,GMC
119,Teena,Sundin,Dodge
120,Pet,Le Grice,Ford
121,Jilleen,Bunkle,Geo
122,Linc,Benyan,Audi
123,Pippy,Bowkett,Daihatsu
124,Sanders,Rodmell,Ford
125,Stirling,Gissop,Mercedes-Benz
126,Ellwood,Corssen,Ford
127,Tybi,Follin,Chrysler
128,Caryl,Georgius,Volkswagen
129,Elbertine,Courtes,Ford
130,Quint,Daudray,Isuzu
131,Fidelity,Castiello,Acura
132,Berne,Suddards,Isuzu
133,Townie,Marriner,GMC
134,Broddie,Clutterbuck,Ford
135,Stewart,Hutchens,Maserati
136,Micky,Crumpton,GMC
137,Wayland,Housecroft,Lincoln
138,Flss,Buncher,Saab
139,Tyrone,Rahill,Nissan
140,Christiana,Hebbron,Buick
141,Zacharie,Organer,Chrysler
142,Jere,Bleacher,Mazda
143,Viva,Harbron,Ford
144,Ania,Keyson,Chrysler
145,Blakeley,Giroldo,GMC
146,Hardy,Gillam,Lotus
147,Henka,Orgel,Volkswagen
148,Bendix,Lemarie,Mercury
149,Eleanore,Castelletti,Toyota
150,Bernie,Whiting,Bentley
151,Daren,Rookwell,Lexus
152,Lorilyn,D'Antuoni,Ford
153,Malvin,Bramhill,Porsche
154,Emelita,Andreoletti,Ford
155,Ariel,Copestake,Chevrolet
156,Naoma,Deware,Buick
157,Maureen,Wandtke,Oldsmobile
158,Mirella,Bodicam,Ford
159,Huntlee,Preist,Ford
160,Wilmer,Chung,Volkswagen
161,Marinna,Lechelle,Jaguar
162,Genovera,Marzelle,Nissan
163,Tallie,Vassbender,Kia
164,Jennica,Paxman,BMW
165,Norine,Baltzar,Volkswagen
166,Meggie,Cleaveland,GMC
167,Ezra,Stollen,Mitsubishi
168,Rhodie,Malkinson,Volvo
169,Sissy,Gatecliff,Pontiac
170,Dierdre,Greber,BMW
171,Danny,Tudball,Mercury
172,Stephi,Bisgrove,Ford
173,Nananne,Gothup,Ford
174,Kalinda,Raincin,Isuzu
175,Cory,Ferebee,Pontiac
176,Nap,Garrood,Mercedes-Benz
177,Iago,Mein,Pontiac
178,Kailey,Kachel,BMW
179,Rickey,Matovic,Hyundai
180,Annabelle,Krochmann,Ford
181,Jenni,Sciusscietto,Dodge
182,Coletta,Gough,Toyota
183,Phylys,Ochiltree,Mitsubishi
184,Diane,Yashaev,Lamborghini
185,Xaviera,Adamek,Buick
186,Pooh,Bockmann,Audi
187,Raddy,Degg,GMC
188,Shellie,Robotham,Nissan
189,Murial,Howsden,Chevrolet
190,Madelene,Hundy,Pontiac
191,Lionel,Edlin,BMW
192,Ivie,Godbehere,Honda
193,Frederigo,O'Fallon,GMC
194,Fidela,Warlton,Lincoln
195,Kelila,Picker,Volvo
196,Zarla,Minghella,Infiniti
197,Raychel,Bradshaw,Chrysler
198,Kelcie,Ellicombe,Mercedes-Benz
199,Timmie,Gallop,GMC
200,Shanna,Dockray,Mercury
201,Faustine,Strange,Jaguar
202,Aurore,Goodley,Kia
203,Inger,Brydell,Chrysler
204,Kalinda,Wyvill,Kia
205,Phaedra,Scrowton,Lincoln
206,Henrietta,Lesser,Saturn
207,Lib,Tully,Suzuki
208,Parrnell,Moscrop,Lexus
209,Sarene,Harrod,Lexus
210,Upton,Trewman,Dodge
211,Lon,Aimeric,Chevrolet
212,Haily,Goff,Porsche
213,Izak,Skedge,Toyota
214,Jaime,Ewers,Acura
215,Fabian,Baudacci,BMW
216,Helenka,Dunsleve,Hyundai
217,Riane,Dilloway,Chevrolet
218,Codee,Fallowes,Mitsubishi
219,Tobias,Pennell,Nissan
220,Justino,Harly,Jaguar
221,Marley,McAster,Chevrolet
222,Ashlee,Codd,Kia
223,Ginni,Floris,Oldsmobile
224,Elihu,Frantzen,Kia
225,Evyn,Bandy,Nissan
226,Wernher,Tolotti,Infiniti
227,Lorenzo,Dienes,Ford
228,Vannie,Pinckstone,Audi
229,Lanni,Mordey,GMC
230,Grayce,Jeffryes,Volvo
231,Neile,Birrell,Mazda
232,Hoebart,Doige,Audi
233,Pail,de Glanville,Chevrolet
234,Payton,Benham,Nissan
235,Donny,Hellin,Fiat
236,Noni,Creebo,Mercedes-Benz
237,Briny,Di Bernardo,Ford
238,Jacynth,Korneev,Acura
239,Darbee,Mart,Ford
240,Pietro,Gravie,Mercedes-Benz
241,Samson,Bullier,Chevrolet
242,Darsey,Sprionghall,Hyundai
243,Chandler,Cuss,Buick
244,Lindsy,Deekes,Pontiac
245,Valeda,Cruess,Dodge
246,Kizzie,Kavanagh,Jeep
247,Shana,Capun,Rolls-Royce
248,Julee,Secrett,Acura
249,Yalonda,Rigolle,Infiniti
250,Ham,Harroll,Acura
251,Andonis,Alvy,Honda
252,Abey,McKinn,Porsche
253,Moina,Gorke,Bentley
254,Godard,Porter,Acura
255,Bradford,Korneichik,Dodge
256,Dana,Ruegg,BMW
257,Carla,Juszczak,Plymouth
258,Patrizio,Ketton,Chevrolet
259,Mavis,Grebner,GMC
260,Maryrose,Canto,Buick
261,Rebecca,Headford,Toyota
262,Sissy,Boulger,Toyota
263,Garv,Corder,Buick
264,Jacques,Dukes,Kia
265,Kayley,Lishman,Austin
266,Irina,Prudence,Bentley
267,Duky,Danford,Subaru
268,Maximo,Theobald,Chevrolet
269,Marcelia,Scholes,Jeep
270,Gerianne,Labroue,Pontiac
271,Ailyn,Berrycloth,MINI
272,Lucius,Rickcord,Saturn
273,Vida,Sotheby,Lexus
274,Fabio,Sear,Honda
275,Breena,Ciccottini,Volkswagen
276,Tabina,Freckingham,Audi
277,Isobel,Wheelhouse,Subaru
278,Lenee,Rickasse,Aston Martin
279,Pascal,Moscrop,Mazda
280,Yasmin,Brassington,Lotus
281,Ettie,Martinson,Nissan
282,Lucais,Lovell,Mercedes-Benz
283,Wrennie,Drew,Chevrolet
284,Lorelei,Carroll,Ford
285,Edouard,Oglesbee,Mercedes-Benz
286,Idaline,Clausewitz,Chevrolet
287,Wyatan,Cottie,Mitsubishi
288,Kingston,Garrals,Pontiac
289,Jimmy,Lannon,Mazda
290,Roshelle,Habin,Suzuki
291,Tom,covino,Mitsubishi
292,Garry,Lashmar,BMW
293,Orly,Vanacci,Dodge
294,Cecelia,Biasotti,Chrysler
295,Laural,Faccini,Volkswagen
296,Almeta,Laden,Plymouth
297,Maximo,Korbmaker,BMW
298,Whitney,Sealeaf,Volkswagen
299,Giustina,Bernardeschi,Acura
300,Talya,Seignior,Hyundai
301,Tobie,Rattery,Oldsmobile
302,Luciana,Adel,Dodge
303,Ches,Felgat,Saab
304,Dill,Hubbert,BMW
305,Micaela,Lagen,Lexus
306,Pauly,Dioniso,Oldsmobile
307,Verney,Castro,Chevrolet
308,Tammy,Baistow,Mitsubishi
309,Ofella,Duffrie,Ford
310,Dalia,Fibbens,Buick
311,Ansell,Husher,Audi
312,Shawn,Twitchings,Pontiac
313,Shurlock,Fuzzens,Acura
314,Spike,Fenby,Nissan
315,Erinna,Bidnall,Mazda
316,Iolande,Wasmer,Ford
317,Lawry,Woodrup,Mitsubishi
318,Ardenia,Mullane,Mercedes-Benz
319,Tarra,Crebo,Pontiac
320,Royall,Boddam,Plymouth
321,Lovell,Borges,Volvo
322,Algernon,Aldrich,Mercedes-Benz
323,Rodrique,Brecknock,GMC
324,Katerine,Fluck,Pontiac
325,Madge,Kaser,Mercedes-Benz
326,Odessa,Ojeda,Lotus
327,Egon,Shirt,Volkswagen
328,Tadd,Rihanek,Saturn
329,Warren,Roux,Mazda
330,Batholomew,Sellek,Kia
331,Osgood,Lowy,Kia
332,Ellie,Faithfull,Chevrolet
333,Hort,Gorges,Jeep
334,Merry,Killeley,Daewoo
335,Carlita,Cessford,Mercedes-Benz
336,Janna,Huncoot,Audi
337,Marcile,Crocetti,Chevrolet
338,Stephi,Christophle,Pontiac
339,Marice,Broun,Ford
340,Vickie,Crannis,Kia
341,Abelard,Turnor,Suzuki
342,Archy,Ballance,Chevrolet
343,Carmela,Shoutt,Plymouth
344,Gertrudis,Pleuman,Mazda
345,Kathryne,Klosser,Plymouth
346,Carmine,Stepney,Nissan
347,Dimitri,Lanfer,Lotus
348,Wendell,Heaysman,BMW
349,Becki,Gerson,Nissan
350,Alisander,Matchett,Nissan
351,Kati,Long,Buick
352,Evangeline,Pappi,Mazda
353,Lalo,Veysey,Dodge
354,Karine,Ovenell,Mazda
355,Analise,Edy,Chevrolet
356,Siegfried,Gorrie,Acura
357,Antonius,Murrison,Hyundai
358,Alix,McGifford,Aston Martin
359,Phedra,Slator,Mazda
360,Tommi,Lund,Chrysler
361,Darnell,Verryan,Chrysler
362,Jerrie,Search,Chevrolet
363,Robbyn,Tudgay,Nissan
364,Gallagher,Strickland,GMC
365,Filmer,Kemp,Kia
366,Perice,Aspey,Nissan
367,Elsey,Roset,Volvo
368,Hersh,Hekkert,Volvo
369,Milly,Ragate,Mazda
370,Vevay,Stoltz,Buick
371,Ashby,Devers,Acura
372,Johna,Caulton,Mitsubishi
373,Bette-ann,Isack,Ford
374,Fletcher,Rupke,Lotus
375,Shurlocke,Healks,Lamborghini
376,Roman,Huonic,Cadillac
377,Isacco,Clampett,Toyota
378,Trudi,Bedinn,Plymouth
379,Truda,Whittle,Chevrolet
380,Rudyard,Champ,Aston Martin
381,Kristopher,Suckling,Audi
382,Zollie,Valente,Acura
383,Ann,Alentyev,Chrysler
384,Far,Kyd,Suzuki
385,Richy,Huckerbe,Dodge
386,Drusilla,Drillingcourt,Mercedes-Benz
387,Woodrow,Pinchon,Porsche
388,Rosy,Garbar,Land Rover
389,Sarajane,Murney,Dodge
390,Jena,Tinner,Hummer
391,Babita,Capner,GMC
392,Sullivan,Trinbey,Cadillac
393,Danyelle,Munn,Buick
394,Ajay,Ruter,Dodge
395,Jerri,Carayol,Dodge
396,Ugo,Geggus,Mitsubishi
397,Rafaelia,Witherspoon,Maybach
398,Romonda,Lambertson,Lexus
399,Pryce,Sextone,Kia
400,Archibald,Mantripp,Infiniti
401,Sheelah,Charlot,GMC
402,Pen,Kemer,Bentley
403,Danya,Benford,Buick
404,Allin,Stacey,Cadillac
405,Loretta,Snowling,GMC
406,Josee,Korpal,Honda
407,Alvina,Barrett,Oldsmobile
408,Rawley,Curthoys,Chevrolet
409,Sterling,Lonnon,Ford
410,Pamela,Gull,Volvo
411,Brett,McDonogh,Lincoln
412,Dollie,Garlee,Oldsmobile
413,Devon,Cubin,Hyundai
414,Gino,Swindles,Volkswagen
415,Lynnet,Kment,Jaguar
416,Nat,Stannas,Chevrolet
417,Rogers,Twinbrow,Cadillac
418,Gerry,Maskew,Hyundai
419,Vonnie,Antczak,Ford
420,Brooke,Attwill,GMC
421,Noami,Squibe,Lincoln
422,Gabriela,Rraundl,Toyota
423,Katharina,Speedin,Ford
424,Jillian,Hurleston,Buick
425,Sally,Wiseman,GMC
426,Roze,Parcell,GMC
427,Shelley,Husthwaite,Suzuki
428,Pen,Howsley,Buick
429,Oneida,Vondrach,Ford
430,Mendie,Beels,Toyota
431,Dewie,Curcher,Pontiac
432,Geri,O'Dowgaine,Nissan
433,Jefferson,Stamp,Mercedes-Benz
434,Jo ann,Huot,Porsche
435,West,Lindell,Chevrolet
436,Peri,Penelli,Saab
437,Dulcia,McAlinion,Dodge
438,Lucy,Simkovich,Maybach
439,Fran,Wathall,Isuzu
440,Giuseppe,Braga,Mitsubishi
441,Brigg,MacMeanma,Mazda
442,Bobby,Tranfield,Suzuki
443,Gwenny,Orkney,Kia
444,Nat,Simester,Geo
445,Tedi,Storey,Subaru
446,Worthington,Jaszczak,GMC
447,Maxi,Lapham,Pontiac
448,Lorrie,Orrin,Buick
449,Lianne,Trenoweth,Mercedes-Benz
450,Roch,Oldacre,Dodge
451,Floris,Faithfull,Kia
452,Harlene,Julian,Ford
453,Melisa,Melsom,Mazda
454,Hillier,Freemantle,Volkswagen
455,Marcella,Coope,GMC
456,Callean,January,GMC
457,Odelinda,Cristofvao,Pontiac
458,Adora,Nias,Dodge
459,Pauly,Whalebelly,GMC
460,Fletcher,Flobert,Land Rover
461,Cart,Grant,Nissan
462,Emera,Ruusa,Nissan
463,Tandie,Grinnell,Mazda
464,Benyamin,Flegg,Toyota
465,Mada,McQuillin,BMW
466,Cristal,Dickey,Chevrolet
467,Gayle,Creese,Isuzu
468,Fawnia,Schroter,GMC
469,Lonny,McGiveen,Ford
470,Pren,Merkel,Audi
471,Hilda,Tadgell,Buick
472,Murray,Nangle,Lincoln
473,Nonie,Silkston,MINI
474,Dana,Lyptratt,Ferrari
475,Cammy,Puttick,Mercury
476,Welsh,Moberley,Subaru
477,Mahmoud,Bullen,Buick
478,Aharon,Trenbay,Lamborghini
479,Osborne,Hugett,Chrysler
480,Toma,Grimm,BMW
481,Ugo,Parriss,Chevrolet
482,Crysta,Herreran,Mitsubishi
483,Brande,Beringer,Ford
484,Chrysa,Clemerson,Pontiac
485,Gare,Gerold,Cadillac
486,Wilfrid,Madsen,Buick
487,Whitaker,Glowacha,Chevrolet
488,Rodney,Liversidge,Volkswagen
489,Alan,Lorraine,Smart
490,Caralie,Thorneley,Lotus
491,Kathryn,Garvill,Mitsubishi
492,Izak,Sponton,Chevrolet
493,Nickie,Vasyunichev,Ford
494,Amata,Inkles,Mitsubishi
495,Davina,Emberson,Jaguar
496,Blinny,Maleby,Dodge
497,Rogerio,MacMarcuis,Acura
498,Lonnie,Gillivrie,BMW
499,Kellia,Mosdall,Saturn
500,Berri,Chudleigh,Lincoln
501,Nikolai,Burborough,Volkswagen
502,Ernestus,Ripsher,GMC
503,Hugibert,Kiddell,Mitsubishi
504,Kelila,Falkingham,Nissan
505,Marilyn,Flear,Chevrolet
506,Trish,Riehm,Land Rover
507,Daniella,Wistance,Lexus
508,Hobie,Dews,Ford
509,Emlyn,Dalziel,Land Rover
510,Kasper,Pitney,Toyota
511,Arthur,Morteo,Chevrolet
512,Zollie,Stille,Infiniti
513,Rogerio,Bannister,Mitsubishi
514,Rochell,Loggie,Bentley
515,Gale,Gamon,Mitsubishi
516,Georgy,Vater,GMC
517,Donall,Revey,Volkswagen
518,Evangeline,Lawie,GMC
519,Janka,Berrow,BMW
520,Teri,Niesegen,Saturn
521,Bell,Booth-Jarvis,Mercedes-Benz
522,Martin,Perri,Lamborghini
523,Drucy,Dyshart,BMW
524,Kyla,Markus,Nissan
525,Burnaby,Aleksic,Toyota
526,Faydra,Reven,Land Rover
527,Brittany,McVanamy,Ford
528,Farrel,Itzkovwitch,Pontiac
529,Abbey,Ezzell,Chevrolet
530,Morten,Queenborough,Audi
531,Vilhelmina,Bourdas,Eagle
532,Richard,Klagges,Chevrolet
533,Max,Measom,Subaru
534,Marja,McQuade,Dodge
535,Cthrine,Deesly,Volvo
536,Halette,Feasby,Land Rover
537,Agata,Tharme,Nissan
538,Starlin,Latus,Audi
539,Cecil,Finkle,Land Rover
540,Fallon,Keerl,Chevrolet
541,Sinclair,M'cowis,Subaru
542,Kevan,Mahoney,Ford
543,Aldin,Loraine,Mazda
544,Tammy,Davidowich,Mercury
545,Margalo,Flintoff,Dodge
546,Fallon,Calfe,Volkswagen
547,Christalle,Gumb,Cadillac
548,Danny,Grestye,Ford
549,Nedda,Klaus,Pontiac
550,Bartolomeo,Hanshawe,Ford
551,Maddy,Clackson,Kia
552,Anabel,Agglio,Scion
553,Ryan,Flintoff,Chevrolet
554,Nikolaus,Jannequin,Ford
555,Rex,Mockett,Mercedes-Benz
556,Esmaria,Bladge,Dodge
557,Chad,Sparrowe,Dodge
558,Maia,Phuprate,Chevrolet
559,Niki,Jaqueminet,GMC
560,Quillan,Abrahamsohn,Infiniti
561,Laurena,Caplan,Pontiac
562,Dorelle,Macak,Chrysler
563,Rodd,Trousdale,Mercury
564,Leif,Gillbanks,Foose
565,Arnie,Gregoire,Plymouth
566,Holt,Rubartelli,Buick
567,Jacinta,Kingswood,Volkswagen
568,Rad,Tilliard,Ford
569,Alphonso,Issatt,GMC
570,Debi,Keaysell,Maybach
571,Christen,Chaldecott,Chevrolet
572,Missy,Spilling,Chrysler
573,Kermie,Hakonsson,Kia
574,Cherye,Chillcot,Ford
575,Micah,Botterman,Chevrolet
576,Veronike,Janaway,Volkswagen
577,Norton,Pochet,Chevrolet
578,Carling,Billo,Mitsubishi
579,Ailina,Fawthrop,Holden
580,Jacquenette,Denkel,Mazda
581,Meghan,Le Floch,Lexus
582,Haywood,Kinneally,Kia
583,Noland,Cayzer,Mercury
584,Woodie,Sonner,Nissan
585,Pippa,Meenan,Porsche
586,Stavro,Legrave,Acura
587,Isacco,Morot,Bentley
588,Ellsworth,Klimowski,Subaru
589,Bud,Ende,Cadillac
590,Bonny,Glenwright,Mercury
591,Samuel,Papachristophorou,Nissan
592,Ellette,Delagua,Suzuki
593,Samantha,Dunderdale,Nissan
594,Franni,Pidgen,Volvo
595,Sasha,Sadler,Holden
596,Caitlin,Oxlade,Chevrolet
597,Marina,Almeida,Chevrolet
598,Barn,Hurran,GMC
599,Jdavie,Ravilus,Chevrolet
600,Justinn,Harnott,Bentley
601,Constantine,Wilber,Pontiac
602,Marlo,Ferbrache,Oldsmobile
603,Darya,Sharman,Dodge
604,Pauli,Hairesnape,Honda
605,Fredek,Blasi,Pontiac
606,Porter,Duer,Dodge
607,Dwight,Boig,Porsche
608,Nichole,Checo,GMC
609,Horacio,Norbury,Ford
610,Josefina,Greenier,Chevrolet
611,Kania,McAllan,Mitsubishi
612,Domeniga,de Chastelain,Mercury
613,Jacobo,Tillman,Pontiac
614,Blakeley,Bullocke,Mitsubishi
615,Marlo,Sigfrid,Chevrolet
616,Hulda,Skerratt,Mercury
617,Tom,Cutill,Eagle
618,Ambros,Wrighton,Buick
619,Penny,Phillps,Honda
620,Judah,Dowry,Ford
621,Celestyna,Crutchfield,Dodge
622,Theo,Augie,Chevrolet
623,Bride,Plascott,Infiniti
624,Malva,Smellie,Toyota
625,Kipper,Endley,Chevrolet
626,Ole,Crutchley,Toyota
627,Kare,Buttfield,Hyundai
628,Travus,Hunnicot,Oldsmobile
629,Willie,Indruch,Mercury
630,Troy,MacMichael,Mercedes-Benz
631,Herculie,Wenderoth,Dodge
632,Gilles,Cleife,Infiniti
633,Hy,Hoyes,Mercury
634,Edee,Murrhardt,Lexus
635,Dyane,Trice,Toyota
636,Uriel,Mulqueen,BMW
637,Berry,Gawke,Hummer
638,Selig,Guttridge,Buick
639,Christie,Oattes,Chevrolet
640,Kleon,Setford,GMC
641,Eduardo,Leipelt,Chevrolet
642,Pall,Chmarny,GMC
643,Brandie,Wrotham,Kia
644,Nicolette,Harriss,Land Rover
645,Penni,Bentham3,Mercedes-Benz
646,Jocelyne,Villa,GMC
647,Carin,Cakebread,Maserati
648,Wood,Woodger,Volvo
649,Greg,Gawthorpe,Chevrolet
650,Henrik,Yashanov,Mercedes-Benz
651,Mace,Tompkiss,Ford
652,Sharyl,Kintish,Acura
653,Kelsi,Gartery,Ford
654,Dav,Sarfas,Toyota
655,Alyse,Boniface,Toyota
656,Dennis,Napton,Toyota
657,Andreana,Abramsky,Toyota
658,Mireille,Klewer,Hyundai
659,Malina,Tolputt,Buick
660,Avery,Cannings,Volkswagen
661,Darlleen,Luff,Pontiac
662,Sande,MacCurlye,Ford
663,Filberto,Edge,Toyota
664,Berrie,Sirett,Nissan
665,Perry,Harle,Volvo
666,Traci,Emmines,Volvo
667,Babette,Espinoy,Nissan
668,Concettina,Thinn,Aston Martin
669,Gabriella,Wrist,Toyota
670,Jefferson,Croshaw,Jeep
671,Zoe,Jeannard,Saab
672,Clive,Blades,Dodge
673,Catlin,Westgarth,Nissan
674,Orazio,Rooke,Jeep
675,Etienne,Clipsham,Lincoln
676,Irv,Anelay,Mitsubishi
677,Inna,Hurlestone,Mercedes-Benz
678,Willi,Sevin,Ferrari
679,Malachi,Lukacs,Lexus
680,Gerardo,Braime,Suzuki
681,Dolph,Seneschal,Chrysler
682,Bord,Sollas,Jeep
683,Jeniffer,Larkings,Audi
684,Allayne,Yitzowitz,Chevrolet
685,Horatius,Medley,BMW
686,Lauralee,Lothlorien,Mazda
687,Constancia,Cupitt,Subaru
688,Miner,Fay,Ford
689,Connor,Townend,GMC
690,Willetta,Pooke,BMW
691,Erny,Sergent,Hyundai
692,Cathryn,Roke,Jeep
693,Mordy,Bromell,GMC
694,Velma,Hallin,Dodge
695,Kendal,Barszczewski,Buick
696,Adda,Ramme,Chevrolet
697,Maisie,Tofanelli,Mazda
698,Veronique,Mimmack,Pontiac
699,Decca,Rodgman,Audi
700,Fayette,Dudmesh,Porsche
701,Vinson,Varnals,Mercedes-Benz
702,Nataniel,Roches,Chrysler
703,Debra,Prinett,Volkswagen
704,Penelopa,Maggorini,Honda
705,Tomas,Logsdail,Citroën
706,Leesa,Fishleigh,Chevrolet
707,Charity,Bickers,Toyota
708,Elbertina,Ormerod,Pontiac
709,Prissie,Ingle,GMC
710,Vivyanne,Farnaby,Chevrolet
711,Neda,Cliss,Suzuki
712,Claire,Majury,Toyota
713,Salomon,Simonelli,BMW
714,Tymon,Giblin,Acura
715,Rafa,Tulk,Lexus
716,Niccolo,Logue,Aston Martin
717,Irvin,Poulsen,Lexus
718,Tanya,Wagstaffe,Toyota
719,Vladamir,Wace,Chevrolet
720,Butch,Peters,Chevrolet
721,Isaac,Jakoub,Ford
722,Gay,Haselden,Mercury
723,Towny,Braiden,Mercury
724,Slade,Windybank,Volvo
725,Alberto,Vinsen,Cadillac
726,Doro,Pillinger,Dodge
727,Teodorico,Shaw,Ford
728,Aurelia,Dewdney,BMW
729,Jed,Patmore,Honda
730,Brynn,Fox,Honda
731,Denyse,Vescovini,Ford
732,Dedie,Louisot,Honda
733,Mattie,Quarterman,Suzuki
734,Helli,Utley,Mitsubishi
735,Arlie,Bauckham,Ford
736,Lesli,Lukasen,Dodge
737,Gregorio,Cowhig,Honda
738,Tracy,Copnar,Pontiac
739,Chrissie,Shillom,Mazda
740,Joyce,Aleksankin,Mazda
741,Rudolph,Dombrell,Buick
742,Nanice,McLese,GMC
743,Selene,A'field,Infiniti
744,Justen,Hixley,Jeep
745,Micah,O'Hoey,Audi
746,Raynard,Gates,Cadillac
747,Rozalie,Kellington,Audi
748,Jaymie,Faulks,Chevrolet
749,Leshia,Exer,Audi
750,Teodoor,Ridge,Mazda
751,Simon,Brandin,Audi
752,Nerta,Mettetal,Dodge
753,Paco,Kemsley,Audi
754,Hollis,McKmurrie,Chevrolet
755,Jilli,Scrivenor,Dodge
756,Gianina,Tench,Nissan
757,Shoshana,Saunier,Saab
758,Carlene,Trulocke,Buick
759,Cairistiona,Borghese,Cadillac
760,Maximo,McKimmie,Honda
761,Rhys,Ivanitsa,Dodge
762,Isiahi,Shooter,Mercedes-Benz
763,Debee,Bourgeois,BMW
764,Dita,Stilling,Toyota
765,Osmund,Pallatina,Daewoo
766,Danell,Connop,Buick
767,Donnie,Staley,Mitsubishi
768,Kimble,Hyams,Chevrolet
769,Yasmin,Ruoff,Volkswagen
770,Patten,Ladell,Toyota
771,Dallas,Hearmon,BMW
772,Wenonah,Cressey,Chevrolet
773,Cori,M'Quharg,Pontiac
774,Colene,McAlroy,Lincoln
775,Hendrik,Nordass,Chevrolet
776,Nestor,Hrus,Hyundai
777,Lolita,Poyntz,Mercury
778,Guthrey,Whetnall,Chevrolet
779,Huntlee,Biagioni,Honda
780,Aguste,Biddy,Nissan
781,Sander,Jillins,Oldsmobile
782,Maury,Rookledge,Dodge
783,Ollie,Vasnev,Nissan
784,Eileen,Porte,Mitsubishi
785,Corella,Daniells,Chevrolet
786,Letitia,Harrald,Infiniti
787,Delbert,Daveren,Honda
788,Gerard,Gumary,Lexus
789,Joana,Runge,Ford
790,Marcelia,Silberschatz,Scion
791,Bud,McMeekin,Honda
792,Radcliffe,Kinlock,Mazda
793,Warren,Nottingham,Volvo
794,Jarret,Defew,Volvo
795,Pepillo,Sleford,Pontiac
796,Marlee,Beckham,Hyundai
797,Skye,Renad,Mitsubishi
798,Vere,Larter,Honda
799,Roth,Ashlin,Jeep
800,Gonzales,Copeman,Buick
801,Martainn,Avrasin,Chevrolet
802,Ogden,Stonhewer,Lincoln
803,Nollie,Gonneau,Chrysler
804,Charla,Yeates,Mazda
805,Brooke,Browett,Acura
806,Vince,Angric,Pontiac
807,Torrie,Thexton,Mercury
808,Jelene,Sproat,GMC
809,Nevin,Aristide,Mitsubishi
810,Brandy,Scheffler,Volkswagen
811,Elfrida,Quinane,Volvo
812,Caesar,Macauley,Honda
813,Ric,McIvor,Toyota
814,Lexi,Blackey,BMW
815,Loria,Abry,Jeep
816,Amory,MacMenamie,Infiniti
817,Tallia,Hampe,Chrysler
818,Idalina,Croster,Chrysler
819,Chev,Dumper,GMC
820,Oneida,Sinkinson,Mercedes-Benz
821,Julina,McCart,Kia
822,Megen,Weldrick,Cadillac
823,Phelia,Jeandeau,Mercedes-Benz
824,Abie,Escale,Volvo
825,Stella,Kelcey,Pontiac
826,Karin,Geare,Ford
827,Kenn,Bewlay,GMC
828,Claretta,Pinock,Ford
829,Lois,Cummungs,Chevrolet
830,Elizabet,Cosson,Pontiac
831,Corby,Hunnybun,Lincoln
832,Major,Saenz,Ford
833,Effie,Vidyapin,Nissan
834,Massimiliano,McKerton,Buick
835,Clarice,Presnall,Mercedes-Benz
836,Layton,Dalliwatr,Chevrolet
837,Inga,Glazyer,Toyota
838,Ash,McCaughran,Volkswagen
839,Morena,Brackstone,BMW
840,Augusto,Gjerde,BMW
841,Ayn,Panton,Lotus
842,Meredithe,Baverstock,Volkswagen
843,Penny,Ambrozewicz,Buick
844,Frasco,Wenban,Kia
845,Niall,Addess,Mercury
846,Gaylord,Bygate,Buick
847,Bear,Kippax,GMC
848,Skylar,de Quesne,Suzuki
849,Candra,Roose,Volvo
850,Donnamarie,Sackes,Ford
851,Yvon,Shillum,Volkswagen
852,Clementius,Holstein,Mitsubishi
853,Brinna,Scolts,Ford
854,Courtnay,Castaneda,Lincoln
855,Keslie,Doel,Subaru
856,Concettina,Aneley,Subaru
857,Abelard,Keenlayside,GMC
858,Marita,Grim,Toyota
859,Zoe,Trounson,Ford
860,Jenda,Atcherley,Scion
861,Cody,Badland,Subaru
862,Sharline,Farryn,Lincoln
863,Libbie,Christauffour,Mitsubishi
864,Ethelind,Paternoster,Chevrolet
865,Burty,Bellworthy,Bentley
866,Camile,Preddle,Lexus
867,Tootsie,Capel,Citroën
868,Merrick,Beeck,Land Rover
869,Sharlene,Rostern,Mercedes-Benz
870,Jolee,Iddins,Toyota
871,Walsh,Teasdale,Pontiac
872,Kermit,Binning,Volkswagen
873,Gregory,Bowater,Mazda
874,Ring,Moseley,Dodge
875,Andy,Janecki,Chrysler
876,Alfredo,Littrell,Mercury
877,Annaliese,Lofty,Ford
878,Rolph,O'Loghlen,Volkswagen
879,Lea,Marcone,Mercedes-Benz
880,Bobby,Vuitte,Kia
881,Keely,Burnside,Cadillac
882,Briana,Wickliffe,Toyota
883,Osbourne,Elvin,Toyota
884,Patience,Di Giacomo,Toyota
885,Sherrie,Napoleone,Scion
886,Renaud,Abrahamsohn,Toyota
887,Aristotle,Pinchbeck,Chevrolet
888,Rivi,Gillani,Aston Martin
889,Abe,Stanex,Kia
890,Janis,Rout,Mercury
891,Ava,Carpenter,Acura
892,Raimondo,Coldridge,Acura
893,Sophey,Sinkings,Honda
894,Marcia,Archdeacon,Saturn
895,Salomo,Caulliere,Audi
896,Eudora,Rabb,Toyota
897,Lefty,Scherme,Bentley
898,Conroy,Skermer,Mercury
899,Ariela,Jerisch,Honda
900,Brittan,Ledekker,Jaguar
901,Jena,Handes,Chrysler
902,Gaby,Tattersall,Cadillac
903,Armando,Woolvett,Dodge
904,Trixie,Keynd,Lamborghini
905,Jamill,Lumbers,Audi
906,Asia,Tewes,Acura
907,Brien,Holhouse,Plymouth
908,Trstram,Karmel,Kia
909,Brice,Tregear,Plymouth
910,Andrej,Burke,Chevrolet
911,Ara,Deplacido,MINI
912,Wald,Espinet,Chrysler
913,Jillane,Antos,Volvo
914,Neala,Durker,Volkswagen
915,Delmar,Hoggins,Dodge
916,Papagena,Aldren,GMC
917,Madelene,Cundict,Subaru
918,Mic,Despenser,Toyota
919,Tierney,Cleal,Oldsmobile
920,Mahmoud,Rennolds,Ford
921,Cristy,Duiged,Cadillac
922,Brooks,Icke,Lexus
923,Dewie,Limbert,Mercedes-Benz
924,Sasha,Collings,Land Rover
925,Netty,Eddie,Jaguar
926,Reed,Winspare,Ford
927,Ban,Ivashkin,Toyota
928,Allard,Leith-Harvey,Toyota
929,Abbott,Ruckledge,Acura
930,Deidre,Selborne,Lincoln
931,Jaquelin,Peer,Volvo
932,Candide,Phear,Suzuki
933,Roby,Borrell,Mercury
934,Kareem,Robinette,Porsche
935,Constanta,Gillings,Oldsmobile
936,Edward,Eastbrook,Mazda
937,Ed,Shipman,Lotus
938,Ravi,Loody,Kia
939,Marcela,Garralts,Mercedes-Benz
940,Pierson,Wheble,Land Rover
941,Emmerich,MacHostie,Daewoo
942,Genovera,Marchington,Chevrolet
943,Teresina,Minchenton,BMW
944,Leonardo,Flew,Toyota
945,Ammamaria,Dilley,Volvo
946,Dougie,Dumbrill,Volkswagen
947,Andrea,Knok,Mazda
948,Tanny,Seed,Mercedes-Benz
949,Farlie,Ginsie,Lincoln
950,Travus,Cafe,Pontiac
951,Chet,Tolerton,Hyundai
952,Wernher,Blunderfield,Volkswagen
953,Kiley,Garth,Chevrolet
954,Gabriel,Hulcoop,Infiniti
955,Mylo,Bilverstone,Pontiac
956,Erda,Mucklo,BMW
957,Jacques,Worcs,Dodge
958,Netty,Cole,Ford
959,Tomaso,Sheringham,Ford
960,Dela,Wrates,Volvo
961,Carl,Ardern,Toyota
962,Hilliary,Vogel,Scion
963,Pierce,Courtin,Chevrolet
964,Roley,Wethers,Pontiac
965,Laird,Matej,Volvo
966,Egor,Cattermole,Mitsubishi
967,Merell,Tarply,Chevrolet
968,Adam,Aspy,Nissan
969,Sheila-kathryn,Gaddesby,Lotus
970,Bil,McDowall,GMC
971,Rubina,Bendik,Audi
972,Obidiah,Winter,Lincoln
973,Alon,Lenard,Oldsmobile
974,Merrily,Krauss,Buick
975,Avie,Roarty,Suzuki
976,Christina,Farrell,Mitsubishi
977,Tam,Davys,Chevrolet
978,Tadeas,Rodda,Ford
979,Patrice,Como,Honda
980,Richmound,Linnard,Volvo
981,Martguerita,Wilsee,Dodge
982,Rasia,Yeates,Dodge
983,Brandais,Vickery,Ford
984,Aylmar,Waggett,Dodge
985,Layne,Baldacchino,BMW
986,Zulema,Champe,Cadillac
987,Dav,Wormleighton,Mitsubishi
988,Angelique,Gambell,Mazda
989,Martie,Geke,Lincoln
990,Elsy,Metzing,Mercury
991,Scotti,Spiniello,Honda
992,Jesse,Fronek,Peugeot
993,Sheff,Grimsell,Isuzu
994,Johna,Veel,Chevrolet
995,Malynda,Dougher,Saab
996,Brandise,Follet,Lincoln
997,Rhodia,Jordanson,Mitsubishi
998,Conroy,Cattermull,Dodge
999,Francklyn,Game,Pontiac
1000,Caresa,Danniel,Mercedes-Benz
